id_lika,id_anime,vloga
8827,2225,Main
30308,2225,Supporting
17787,2225,Supporting
8828,2225,Supporting
30307,2225,Supporting
196273,2225,Supporting
196361,2225,Supporting
196362,2225,Supporting
196392,2225,Supporting
196360,2225,Supporting
6107,3579,Main
8663,3579,Main
18490,3579,Main
17723,3579,Supporting
157060,3579,Supporting
6302,3579,Supporting
39620,3579,Supporting
25613,3579,Supporting
148159,3579,Supporting
131736,3579,Supporting
42013,6383,Main
152988,6383,Main
61975,6383,Main
46797,6383,Supporting
61973,6383,Supporting
61977,6383,Supporting
152987,6383,Supporting
152986,6383,Supporting
61981,6383,Supporting
12343,3388,Main
12342,3388,Main
183426,3388,Main
12348,3388,Supporting
12345,3388,Supporting
12344,3388,Supporting
12351,3388,Supporting
12350,3388,Supporting
12347,3388,Supporting
12346,3388,Supporting
12893,2836,Main
27959,2836,Main
168561,2836,Supporting
179813,2836,Supporting
107135,2836,Supporting
107133,2836,Supporting
107117,2836,Supporting
123893,8139,Main
172106,3834,Supporting
150542,10887,Main
150543,10887,Supporting
90575,20233,Main
90579,20233,Supporting
90577,20233,Supporting
142287,9522,Main
142291,9522,Supporting
142290,9522,Supporting
142289,9522,Supporting
142288,9522,Supporting
39799,9522,Supporting
6770,1650,Main
6769,1650,Main
42782,1650,Main
42714,1650,Main
42964,1650,Main
42711,1650,Main
87481,1650,Supporting
44931,1650,Supporting
59147,1650,Supporting
42961,1650,Supporting
24943,5658,Main
83677,5658,Main
7372,5658,Supporting
14500,5658,Supporting
20201,5658,Supporting
25244,5658,Supporting
5734,5658,Supporting
25242,5658,Supporting
165778,5658,Supporting
23257,5658,Supporting
47185,2827,Main
47187,2827,Main
155577,2827,Supporting
74880,2827,Supporting
3405,2823,Main
3408,2823,Main
3407,2823,Main
102493,2823,Supporting
3406,2823,Supporting
57171,4808,Main
57169,4808,Main
57167,4808,Main
85095,4808,Supporting
21446,6397,Main
21450,6397,Main
21449,6397,Main
21447,6397,Main
21445,6397,Main
21448,6397,Main
21451,6397,Supporting
21452,6397,Supporting
143834,8763,Main
143838,8763,Supporting
143837,8763,Supporting
143836,8763,Supporting
143835,8763,Supporting
143833,8763,Supporting
23386,6701,Main
121961,6701,Supporting
121963,6701,Supporting
134144,4598,Main
134141,4598,Main
134140,4598,Main
134143,4598,Main
134142,4598,Main
134139,4598,Main
139152,4598,Supporting
134145,4598,Supporting
19688,2553,Main
30244,2553,Main
39165,2553,Main
39164,2553,Supporting
170882,2553,Supporting
107121,2553,Supporting
154293,23349,Main
12540,2571,Main
20192,2571,Main
16411,2571,Main
248015,2571,Supporting
248013,2571,Supporting
248012,2571,Supporting
248011,2571,Supporting
248008,2571,Supporting
248014,2571,Supporting
248005,2571,Supporting
19086,5267,Main
120729,5267,Main
141652,5267,Main
120725,5267,Main
132539,5267,Main
120733,5267,Main
120741,5267,Main
170827,5267,Supporting
170810,5267,Supporting
170809,5267,Supporting
6107,4486,Main
8663,4486,Main
8662,4486,Main
17723,4486,Supporting
25613,4486,Supporting
131736,4486,Supporting
47333,2128,Main
121791,2128,Main
121787,2128,Supporting
121815,2128,Supporting
121813,2128,Supporting
121817,2128,Supporting
121821,2128,Supporting
121825,2128,Supporting
121823,2128,Supporting
121811,2128,Supporting
89851,3054,Main
89849,3054,Main
120461,3054,Supporting
125731,3054,Supporting
120453,3054,Supporting
120449,3054,Supporting
120455,3054,Supporting
120451,3054,Supporting
120459,3054,Supporting
125730,3054,Supporting
174642,2575,Main
203778,2575,Supporting
189613,2575,Supporting
170225,2575,Supporting
90565,20223,Main
90563,20223,Supporting
90561,20223,Supporting
38978,1458,Main
39080,1458,Main
38980,1458,Main
31347,1458,Main
38979,1458,Supporting
39407,1458,Supporting
39081,1458,Supporting
7372,1985,Main
7368,1985,Main
42644,1985,Main
82315,1985,Main
160117,1985,Main
14500,1985,Supporting
203087,1985,Supporting
108289,1985,Supporting
213805,1985,Supporting
160116,1985,Supporting
9683,2825,Main
123579,2825,Main
123595,2825,Supporting
123593,2825,Supporting
123597,2825,Supporting
123599,2825,Supporting
123591,2825,Supporting
123589,2825,Supporting
123583,2825,Supporting
123585,2825,Supporting
19321,4198,Main
19322,4198,Main
39357,4198,Supporting
158264,4198,Supporting
153029,4198,Supporting
153030,4198,Supporting
77665,3915,Main
9336,3915,Main
77929,3915,Main
9338,3915,Main
9337,3915,Main
9335,3915,Main
77589,3915,Main
9339,3915,Main
79085,3915,Supporting
8596,3915,Supporting
151547,4935,Main
82109,4935,Main
248782,4935,Supporting
248783,4935,Supporting
248785,4935,Supporting
249843,4935,Supporting
245116,4935,Supporting
245113,4935,Supporting
173031,4935,Supporting
243406,4935,Supporting
51529,11268,Main
51533,11268,Main
51531,11268,Main
51525,11268,Main
51527,11268,Main
51537,11268,Supporting
51535,11268,Supporting
123561,5104,Main
123567,5104,Supporting
227465,5104,Supporting
227466,5104,Supporting
227467,5104,Supporting
123577,5104,Supporting
227468,5104,Supporting
123573,5104,Supporting
123565,5104,Supporting
123569,5104,Supporting
34741,3822,Main
48771,3822,Supporting
125585,8240,Main
125588,8240,Supporting
125587,8240,Supporting
125586,8240,Supporting
125584,8240,Supporting
125583,8240,Supporting
4381,1663,Main
4385,1663,Supporting
4386,1663,Supporting
90627,1663,Supporting
4388,1663,Supporting
4383,1663,Supporting
4384,1663,Supporting
4382,1663,Supporting
4387,1663,Supporting
90637,1663,Supporting
9487,2545,Main
9485,2545,Main
121763,2545,Supporting
224295,2545,Supporting
62915,1068,Main
170235,1068,Main
62921,1068,Main
62917,1068,Main
28973,1068,Main
62919,1068,Main
62925,1068,Supporting
170234,1068,Supporting
62931,1068,Supporting
62927,1068,Supporting
86125,956,Main
147901,956,Supporting
144825,956,Supporting
154600,956,Supporting
155408,956,Supporting
161947,956,Supporting
137628,956,Supporting
72897,956,Supporting
59077,956,Supporting
72887,956,Supporting
40255,2567,Main
77831,3361,Main
77837,3361,Main
77833,3361,Main
77835,3361,Main
157662,3361,Supporting
157660,3361,Supporting
157661,3361,Supporting
157659,3361,Supporting
157664,3361,Supporting
139112,3361,Supporting
130786,7551,Main
130784,7551,Main
130783,7551,Main
130779,7551,Main
130776,7551,Main
130785,7551,Supporting
130787,7551,Supporting
130788,7551,Supporting
130782,7551,Supporting
130781,7551,Supporting
123960,10562,Main
123958,10562,Supporting
123959,10562,Supporting
123957,10562,Supporting
123956,10562,Supporting
123955,10562,Supporting
123954,10562,Supporting
90183,23351,Main
174642,23393,Main
157161,5131,Main
157160,5131,Main
150871,5131,Supporting
5459,2800,Main
13906,2800,Main
9069,2800,Main
24405,2800,Main
122275,2800,Main
13908,2800,Supporting
9068,2800,Supporting
13907,2800,Supporting
34398,2800,Supporting
13944,2800,Supporting
9423,3932,Main
9422,3932,Main
9424,3932,Supporting
127678,3932,Supporting
127679,3932,Supporting
127680,3932,Supporting
127682,3932,Supporting
127681,3932,Supporting
127677,3932,Supporting
127675,3932,Supporting
121191,3825,Main
121199,3825,Supporting
121197,3825,Supporting
121195,3825,Supporting
121193,3825,Supporting
127670,4013,Main
127667,4013,Main
127669,4013,Supporting
127668,4013,Supporting
127666,4013,Supporting
127665,4013,Supporting
127664,4013,Supporting
123928,9978,Main
123929,9978,Supporting
123932,9978,Supporting
123931,9978,Supporting
123930,9978,Supporting
123926,9978,Supporting
123927,9978,Supporting
123507,3823,Main
214410,3823,Supporting
185028,3823,Supporting
159502,3823,Supporting
123509,3823,Supporting
89595,3823,Supporting
77831,10815,Main
77837,10815,Main
77833,10815,Main
77835,10815,Main
77843,10815,Supporting
77841,10815,Supporting
77839,10815,Supporting
90589,20239,Main
150256,20239,Supporting
90333,20147,Main
90337,20147,Main
90335,20147,Main
90339,20147,Supporting
90331,20147,Supporting
8263,3008,Main
8265,3008,Main
4177,3008,Main
61381,3008,Main
4175,3008,Main
61385,3008,Main
8264,3008,Main
8266,3008,Supporting
195639,3008,Supporting
8596,3008,Supporting
123601,2576,Main
138155,2576,Main
123603,2576,Supporting
153619,2576,Supporting
235370,2576,Supporting
235371,2576,Supporting
235369,2576,Supporting
235160,2576,Supporting
235523,2576,Supporting
235107,2576,Supporting
121945,6087,Main
121949,6087,Main
121947,6087,Main
18172,6087,Supporting
31049,6087,Supporting
121959,6087,Supporting
121957,6087,Supporting
121951,6087,Supporting
121955,6087,Supporting
15342,4339,Main
121527,4339,Supporting
121537,4339,Supporting
121539,4339,Supporting
121533,4339,Supporting
121529,4339,Supporting
121523,4339,Supporting
121521,4339,Supporting
121531,4339,Supporting
78557,1986,Main
78559,1986,Main
78577,1986,Supporting
78573,1986,Supporting
78575,1986,Supporting
78571,1986,Supporting
78569,1986,Supporting
78563,1986,Supporting
78565,1986,Supporting
78567,1986,Supporting
172818,8375,Main
86927,8375,Main
122897,3294,Main
123820,3294,Supporting
123819,3294,Supporting
123818,3294,Supporting
123817,3294,Supporting
123229,9781,Supporting
123231,9781,Supporting
123227,9781,Supporting
123225,9781,Supporting
123223,9781,Supporting
123221,9781,Supporting
3405,19959,Main
3408,19959,Main
3407,19959,Main
45983,1069,Main
21118,1069,Main
21121,1069,Main
21119,1069,Main
21117,1069,Main
21120,1069,Main
78403,1069,Supporting
78337,1069,Supporting
78543,1069,Supporting
78547,1069,Supporting
90431,4514,Main
169618,4514,Main
90435,4514,Main
15252,4514,Main
15254,4514,Main
90439,4514,Supporting
90437,4514,Supporting
121067,6970,Main
121075,6970,Supporting
121077,6970,Supporting
121079,6970,Supporting
121081,6970,Supporting
121073,6970,Supporting
121071,6970,Supporting
121063,6970,Supporting
121065,6970,Supporting
121069,6970,Supporting
1044,1425,Main
1045,1425,Main
1047,1425,Main
1046,1425,Main
1048,1425,Main
117601,1425,Supporting
63225,1425,Supporting
176173,1425,Supporting
116149,1425,Supporting
116805,1425,Supporting
32676,2828,Main
92271,2828,Supporting
40909,2828,Supporting
40354,2828,Supporting
32680,2828,Supporting
32679,2828,Supporting
41290,2828,Supporting
232333,2828,Supporting
203505,2828,Supporting
41146,2828,Supporting
6558,2200,Main
6560,2200,Main
6559,2200,Main
59777,2200,Supporting
15510,3196,Main
204681,3196,Main
22458,3800,Main
120939,3800,Supporting
120951,3800,Supporting
120953,3800,Supporting
120957,3800,Supporting
120941,3800,Supporting
120923,3800,Supporting
120935,3800,Supporting
120937,3800,Supporting
120933,3800,Supporting
147513,3827,Main
130773,3827,Supporting
123447,4073,Supporting
123449,4073,Supporting
123451,4073,Supporting
123443,4073,Supporting
123441,4073,Supporting
123437,4073,Supporting
123439,4073,Supporting
123435,4073,Supporting
121919,5287,Main
121937,5287,Supporting
121935,5287,Supporting
121939,5287,Supporting
121941,5287,Supporting
121943,5287,Supporting
121933,5287,Supporting
121931,5287,Supporting
121923,5287,Supporting
121925,5287,Supporting
33600,15875,Main
89369,15875,Supporting
89367,15875,Supporting
89363,15875,Supporting
171931,20125,Supporting
121627,2809,Main
121629,2809,Supporting
121631,2809,Supporting
121625,2809,Supporting
121623,2809,Supporting
121621,2809,Supporting
70665,2809,Supporting
90229,20115,Main
125734,20115,Supporting
90227,20115,Supporting
90225,20115,Supporting
90223,20115,Supporting
90221,20115,Supporting
102817,9856,Supporting
27641,2549,Main
90647,2549,Supporting
74888,2549,Supporting
74886,2549,Supporting
90649,2549,Supporting
90651,2549,Supporting
90655,2549,Supporting
90645,2549,Supporting
90653,2549,Supporting
74928,2549,Supporting
169224,10554,Main
89459,10554,Supporting
17006,3435,Main
20691,3435,Supporting
235263,3435,Supporting
235264,3435,Supporting
235262,3435,Supporting
235261,3435,Supporting
163940,3435,Supporting
235260,3435,Supporting
2852,302,Main
2853,302,Main
2854,302,Supporting
2855,302,Supporting
2857,302,Supporting
77515,302,Supporting
77555,302,Supporting
77509,302,Supporting
77535,302,Supporting
77593,302,Supporting
2888,1000,Main
25028,1000,Main
24156,1000,Main
25025,1000,Main
7952,1000,Supporting
7951,1000,Supporting
25027,1000,Supporting
30887,1000,Supporting
25026,1000,Supporting
14004,1000,Supporting
9006,2816,Main
9005,2816,Main
10880,2816,Main
12612,2816,Main
12619,2816,Main
12621,2816,Main
18579,2816,Supporting
12686,2816,Supporting
12685,2816,Supporting
18575,2816,Supporting
22228,1236,Main
17749,1236,Main
22229,1236,Main
22227,1236,Main
77305,1236,Supporting
77313,1236,Supporting
231201,1236,Supporting
238600,1236,Supporting
77311,1236,Supporting
77265,1236,Supporting
19324,3881,Main
19323,3881,Main
123993,3881,Supporting
123994,3881,Supporting
123995,3881,Supporting
123996,3881,Supporting
123992,3881,Supporting
123991,3881,Supporting
123988,3881,Supporting
123989,3881,Supporting
121917,19947,Main
121911,19947,Supporting
121913,19947,Supporting
121915,19947,Supporting
121909,19947,Supporting
121907,19947,Supporting
121903,19947,Supporting
121905,19947,Supporting
121901,19947,Supporting
59019,10135,Main
16923,3335,Main
16924,3335,Main
80253,3335,Supporting
152092,3335,Supporting
155031,3335,Supporting
227702,3335,Supporting
227710,3335,Supporting
227704,3335,Supporting
227701,3335,Supporting
227700,3335,Supporting
16451,3305,Main
39124,3305,Main
39126,3305,Main
39125,3305,Main
39215,3305,Supporting
39214,3305,Supporting
39216,3305,Supporting
39213,3305,Supporting
39212,3305,Supporting
39209,3305,Supporting
248927,3811,Main
249013,3811,Supporting
249012,3811,Supporting
249011,3811,Supporting
249010,3811,Supporting
249014,3811,Supporting
249018,3811,Supporting
249042,3811,Supporting
249041,3811,Supporting
249020,3811,Supporting
92619,10224,Main
92609,10224,Main
92707,10224,Supporting
92621,10224,Supporting
92709,10224,Supporting
128484,10224,Supporting
145108,10224,Supporting
128486,10224,Supporting
92617,10224,Supporting
92615,10224,Supporting
6321,1491,Main
7950,1491,Main
2888,1491,Supporting
7952,1491,Supporting
8999,1491,Supporting
14490,1491,Supporting
7954,1491,Supporting
8142,1491,Supporting
8141,1491,Supporting
51331,1491,Supporting
27216,2618,Main
31464,2618,Main
31463,2618,Supporting
78535,2618,Supporting
78527,2618,Supporting
78537,2618,Supporting
98319,2618,Supporting
49341,2618,Supporting
98343,2618,Supporting
78521,2618,Supporting
6769,1651,Main
42782,1651,Main
42714,1651,Main
42964,1651,Main
42711,1651,Main
44931,1651,Supporting
42961,1651,Supporting
42962,1651,Supporting
146412,1651,Supporting
59529,1651,Supporting
19817,2561,Main
142664,2561,Main
142666,2561,Main
142665,2561,Main
142663,2561,Main
142662,2561,Main
19819,2561,Supporting
224521,2561,Supporting
19818,2561,Supporting
10296,8542,Main
155714,8542,Supporting
155711,8542,Supporting
150289,8542,Supporting
17951,6374,Main
17952,6374,Main
17953,6374,Main
17955,6374,Main
17954,6374,Main
17956,6374,Main
18896,6374,Supporting
77381,6374,Supporting
123217,6374,Supporting
78887,6374,Supporting
90573,20231,Supporting
16661,283,Main
37146,283,Main
37178,283,Main
38089,283,Main
38289,283,Supporting
38088,283,Supporting
38295,283,Supporting
64537,283,Supporting
38290,283,Supporting
38093,283,Supporting
36264,2230,Main
126783,2230,Main
118839,2230,Main
118841,2230,Main
118837,2230,Supporting
118833,2230,Supporting
230001,2230,Supporting
230000,2230,Supporting
230002,2230,Supporting
230003,2230,Supporting
79111,6889,Main
79339,6889,Main
79659,6889,Main
89439,6889,Main
79399,6889,Main
79493,6889,Main
89443,6889,Supporting
89441,6889,Supporting
79461,6889,Supporting
8596,6889,Supporting
195510,8777,Main
195509,8777,Main
195517,8777,Supporting
195518,8777,Supporting
195519,8777,Supporting
195520,8777,Supporting
195516,8777,Supporting
195515,8777,Supporting
195512,8777,Supporting
195513,8777,Supporting
103055,20027,Supporting
1336,80,Main
1335,80,Main
1337,80,Supporting
1340,80,Supporting
1338,80,Supporting
16282,80,Supporting
9497,80,Supporting
35019,80,Supporting
1342,80,Supporting
1386,80,Supporting
4304,2471,Main
4303,2471,Main
8260,2471,Main
8261,2471,Main
8262,2471,Main
61815,2471,Supporting
31870,2471,Supporting
91947,2471,Supporting
221923,2471,Supporting
142774,2471,Supporting
4451,4690,Main
7229,4690,Main
7227,4690,Main
7228,4690,Main
16900,4690,Main
16894,4690,Main
7230,4690,Main
16897,4690,Main
16898,4690,Main
38028,4690,Supporting
17986,4411,Main
170264,4411,Main
170266,4411,Supporting
170267,4411,Supporting
170269,4411,Supporting
170433,4411,Supporting
170265,4411,Supporting
170263,4411,Supporting
17988,4411,Supporting
17989,4411,Supporting
74381,4515,Main
75264,4515,Supporting
75368,4515,Supporting
75404,4515,Supporting
75428,4515,Supporting
75432,4515,Supporting
147783,4515,Supporting
75402,4515,Supporting
75370,4515,Supporting
75262,4515,Supporting
156753,3879,Supporting
125735,3879,Supporting
30575,5935,Main
158516,5935,Supporting
174937,5935,Supporting
166243,5935,Supporting
33600,16486,Main
89369,16486,Supporting
89367,16486,Supporting
89363,16486,Supporting
123898,5886,Main
79881,5886,Main
123899,5886,Supporting
123897,5886,Supporting
99253,6012,Main
99251,6012,Main
156754,6012,Supporting
156755,6012,Supporting
156752,6012,Supporting
128005,6012,Supporting
99257,6012,Supporting
99259,6012,Supporting
99255,6012,Supporting
163953,10965,Main
177947,10965,Main
163954,10965,Main
163939,10965,Main
163942,10965,Main
163951,10965,Supporting
163941,10965,Supporting
1700,338,Main
1699,338,Main
1701,338,Main
2924,338,Main
2923,338,Main
6424,338,Supporting
1702,338,Supporting
1704,338,Supporting
12579,338,Supporting
8149,338,Supporting
17951,6375,Main
17952,6375,Main
17953,6375,Main
17955,6375,Main
17954,6375,Main
17956,6375,Main
123219,6375,Supporting
94067,5763,Main
94063,5763,Main
94061,5763,Main
94059,5763,Main
94057,5763,Main
94071,5763,Supporting
94069,5763,Supporting
134017,5091,Main
183162,5091,Supporting
42360,4199,Main
158674,4199,Supporting
158673,4199,Supporting
158672,4199,Supporting
158675,4199,Supporting
158676,4199,Supporting
158678,4199,Supporting
158677,4199,Supporting
158671,4199,Supporting
158670,4199,Supporting
120595,3877,Main
120591,3877,Main
238934,3877,Supporting
238935,3877,Supporting
238936,3877,Supporting
238960,3877,Supporting
238821,3877,Supporting
175816,3877,Supporting
120593,3877,Supporting
120597,3877,Supporting
213743,5022,Supporting
20728,6261,Main
123419,6261,Supporting
123413,6261,Supporting
123415,6261,Supporting
123417,6261,Supporting
123411,6261,Supporting
123409,6261,Supporting
123403,6261,Supporting
123405,6261,Supporting
123407,6261,Supporting
9485,2577,Main
9487,2577,Main
102237,2577,Main
121769,2577,Supporting
102239,2577,Supporting
242136,2577,Supporting
242137,2577,Supporting
242135,2577,Supporting
242138,2577,Supporting
242140,2577,Supporting
14472,2151,Main
120547,2151,Supporting
120549,2151,Supporting
120551,2151,Supporting
120545,2151,Supporting
120543,2151,Supporting
120539,2151,Supporting
120541,2151,Supporting
120537,2151,Supporting
73285,3878,Main
123984,3878,Main
123980,3878,Supporting
123979,3878,Supporting
123981,3878,Supporting
123982,3878,Supporting
123983,3878,Supporting
123978,3878,Supporting
123977,3878,Supporting
123973,3878,Supporting
145357,4536,Main
145350,4536,Supporting
145361,4536,Supporting
145360,4536,Supporting
145359,4536,Supporting
145358,4536,Supporting
145362,4536,Supporting
145365,4536,Supporting
145364,4536,Supporting
145363,4536,Supporting
75736,3810,Main
75734,3810,Main
75742,3810,Supporting
125139,3810,Supporting
125140,3810,Supporting
125141,3810,Supporting
125121,3810,Supporting
125142,3810,Supporting
125120,3810,Supporting
75740,3810,Supporting
89445,8553,Main
89731,8553,Main
90071,8553,Main
89733,8553,Main
89569,8553,Main
89567,8553,Main
89769,8553,Supporting
89767,8553,Supporting
89765,8553,Supporting
8596,8553,Supporting
123967,3876,Supporting
123968,3876,Supporting
123969,3876,Supporting
123970,3876,Supporting
123966,3876,Supporting
123965,3876,Supporting
123962,3876,Supporting
123963,3876,Supporting
123964,3876,Supporting
123961,3876,Supporting
154293,32448,Main
3067,930,Main
3068,930,Main
3069,930,Main
108369,930,Main
3070,930,Main
108375,930,Supporting
108387,930,Supporting
108381,930,Supporting
36015,930,Supporting
108389,930,Supporting
35541,3137,Main
137400,3137,Supporting
137399,3137,Supporting
137398,3137,Supporting
137397,3137,Supporting
118601,4933,Main
183786,4933,Supporting
154230,4183,Main
154236,4183,Supporting
154235,4183,Supporting
154234,4183,Supporting
154237,4183,Supporting
154238,4183,Supporting
154240,4183,Supporting
154239,4183,Supporting
154233,4183,Supporting
154231,4183,Supporting
42360,4614,Main
120487,4614,Supporting
125948,7808,Main
125950,7808,Main
125949,7808,Supporting
90475,20199,Main
90483,20199,Supporting
90481,20199,Supporting
90479,20199,Supporting
90477,20199,Supporting
43354,3213,Main
134133,3213,Main
125339,3213,Supporting
173562,3213,Supporting
140395,3213,Supporting
111993,3213,Supporting
29538,1737,Main
166763,1737,Main
166764,1737,Main
166766,1737,Main
166765,1737,Main
156277,1737,Supporting
175907,1737,Supporting
240747,1737,Supporting
240746,1737,Supporting
240745,1737,Supporting
154603,9906,Main
154633,9906,Supporting
154634,9906,Supporting
154632,9906,Supporting
154631,9906,Supporting
154605,9906,Supporting
154604,9906,Supporting
11804,2921,Main
46019,2921,Main
46051,2921,Main
20185,2921,Supporting
46053,2921,Supporting
46057,2921,Supporting
101933,2921,Supporting
46043,2921,Supporting
59779,2921,Supporting
85465,2921,Supporting
11686,3044,Main
24144,3044,Main
38881,3044,Main
1344,3044,Supporting
9791,3044,Supporting
14343,3044,Supporting
40819,3044,Supporting
1345,3044,Supporting
22925,3044,Supporting
22182,3044,Supporting
6769,1652,Main
42782,1652,Main
42714,1652,Main
42964,1652,Main
42711,1652,Main
59791,1652,Main
44931,1652,Supporting
42961,1652,Supporting
59795,1652,Supporting
59789,1652,Supporting
38929,4208,Main
103207,3130,Main
102613,3130,Supporting
121993,3130,Supporting
121989,3130,Supporting
121999,3130,Supporting
121997,3130,Supporting
121995,3130,Supporting
121991,3130,Supporting
241352,4511,Main
241351,4511,Main
241350,4511,Main
241349,4511,Main
241353,4511,Supporting
94043,16530,Supporting
140630,33300,Main
140629,33300,Main
140672,33300,Supporting
140676,33300,Supporting
140675,33300,Supporting
140673,33300,Supporting
140671,33300,Supporting
140674,33300,Supporting
101743,2544,Main
101745,2544,Main
101749,2544,Main
101747,2544,Main
101741,2544,Main
128611,2544,Supporting
101755,2544,Supporting
101753,2544,Supporting
101751,2544,Supporting
90345,4154,Main
90347,4154,Main
90265,4154,Main
90263,4154,Main
90073,4154,Main
90397,4154,Supporting
90399,4154,Supporting
90395,4154,Supporting
90349,4154,Supporting
90343,4154,Supporting
21787,4574,Main
146921,4574,Supporting
146923,4574,Supporting
146920,4574,Supporting
146919,4574,Supporting
146918,4574,Supporting
146915,4574,Supporting
3182,2222,Main
3183,2222,Main
18063,2222,Main
18065,2222,Main
16008,2222,Supporting
13663,2222,Supporting
18071,2222,Supporting
18067,2222,Supporting
18066,2222,Supporting
18064,2222,Supporting
17991,1448,Main
17994,1448,Main
15783,1448,Main
18002,1448,Main
17992,1448,Main
17993,1448,Main
17724,1448,Main
17995,1448,Main
17999,1448,Supporting
18003,1448,Supporting
144853,5832,Main
119679,5832,Main
151648,5832,Supporting
151649,5832,Supporting
151653,5832,Supporting
151654,5832,Supporting
151656,5832,Supporting
151655,5832,Supporting
151652,5832,Supporting
151650,5832,Supporting
5669,2799,Main
5674,2799,Main
15520,2799,Supporting
69901,2799,Supporting
211648,2799,Supporting
210758,2799,Supporting
69903,2799,Supporting
5675,2799,Supporting
8999,1548,Main
40516,1548,Main
40519,1548,Supporting
40517,1548,Supporting
8998,1548,Supporting
125899,1548,Supporting
125898,1548,Supporting
125900,1548,Supporting
164231,1548,Supporting
164212,1548,Supporting
130763,3836,Main
130768,3836,Supporting
130767,3836,Supporting
130766,3836,Supporting
130769,3836,Supporting
130770,3836,Supporting
221508,3836,Supporting
130772,3836,Supporting
130771,3836,Supporting
130765,3836,Supporting
44933,2912,Main
171930,2912,Main
13677,2912,Supporting
23615,3835,Main
154802,3835,Supporting
154787,3835,Supporting
154803,3835,Supporting
154804,3835,Supporting
154806,3835,Supporting
154805,3835,Supporting
154786,3835,Supporting
154785,3835,Supporting
154781,3835,Supporting
13082,4132,Main
141118,4132,Supporting
141119,4132,Supporting
141120,4132,Supporting
141117,4132,Supporting
141116,4132,Supporting
141114,4132,Supporting
141115,4132,Supporting
141113,4132,Supporting
78649,7106,Main
78647,7106,Main
78645,7106,Main
78663,7106,Supporting
78665,7106,Supporting
78667,7106,Supporting
78661,7106,Supporting
78659,7106,Supporting
78653,7106,Supporting
78655,7106,Supporting
232770,6727,Main
183758,6727,Supporting
183548,6727,Supporting
170121,6727,Supporting
165924,6727,Supporting
85113,6727,Supporting
4432,2510,Main
28869,2510,Main
4434,2510,Main
4433,2510,Main
28870,2510,Main
28868,2510,Main
154463,2510,Supporting
154466,2510,Supporting
154467,2510,Supporting
154468,2510,Supporting
4835,1293,Main
4834,1293,Main
4836,1293,Main
4837,1293,Main
18380,1293,Supporting
3646,1293,Supporting
19104,1293,Supporting
17499,1293,Supporting
22390,1293,Supporting
12958,1293,Supporting
23936,4936,Main
157402,4936,Main
152016,4936,Main
148940,4936,Main
148938,4936,Main
174705,4936,Supporting
37960,2257,Main
19112,2257,Main
21063,2257,Main
38018,2257,Supporting
37986,2257,Supporting
38015,2257,Supporting
37961,2257,Supporting
39104,2257,Supporting
38098,2257,Supporting
37980,2257,Supporting
12583,2331,Main
12582,2331,Main
10304,2331,Main
12585,2331,Supporting
12584,2331,Supporting
252844,2331,Supporting
252846,2331,Supporting
252843,2331,Supporting
242606,2331,Supporting
102461,2331,Supporting
3264,2748,Main
3265,2748,Main
3266,2748,Supporting
3267,2748,Supporting
157115,2748,Supporting
186423,2748,Supporting
157114,2748,Supporting
157116,2748,Supporting
157112,2748,Supporting
3268,2748,Supporting
37504,3391,Main
142233,3391,Main
142240,3391,Main
142236,3391,Main
163912,3391,Main
142237,3391,Main
142242,3391,Supporting
142241,3391,Supporting
170540,3391,Supporting
170551,3391,Supporting
10098,3761,Main
198506,3761,Supporting
32585,3399,Main
8742,3399,Main
32584,3399,Main
32577,3399,Main
8758,3399,Main
32580,3399,Supporting
32587,3399,Supporting
218377,3399,Supporting
218378,3399,Supporting
218380,3399,Supporting
48345,4240,Main
48339,4240,Main
48343,4240,Main
48341,4240,Main
127707,4240,Supporting
50667,4240,Supporting
18313,2882,Main
18314,2882,Main
18315,2882,Main
19125,2882,Supporting
40011,3947,Main
102577,3947,Supporting
225028,3947,Supporting
102603,3947,Supporting
102419,3947,Supporting
118473,3873,Main
118471,3873,Main
118469,3873,Main
25532,21487,Main
25533,21487,Main
96297,21487,Supporting
163018,21487,Supporting
96295,21487,Supporting
38885,2254,Main
40204,2254,Main
40205,2254,Main
40209,2254,Supporting
40207,2254,Supporting
40203,2254,Supporting
40215,2254,Supporting
40214,2254,Supporting
40213,2254,Supporting
40210,2254,Supporting
194158,2573,Main
234768,2573,Main
234769,2573,Main
207119,2573,Main
207118,2573,Main
194159,2573,Main
204556,2573,Main
248209,2573,Supporting
248118,2573,Supporting
247571,2573,Supporting
90909,8011,Main
90907,8011,Main
8596,8011,Supporting
120959,6629,Main
120971,6629,Supporting
120969,6629,Supporting
120967,6629,Supporting
120965,6629,Supporting
120963,6629,Supporting
121407,23973,Main
121415,23973,Supporting
121413,23973,Supporting
121411,23973,Supporting
121409,23973,Supporting
9086,1279,Main
9083,1279,Main
9084,1279,Main
9085,1279,Main
34294,1279,Supporting
34283,1279,Supporting
34290,1279,Supporting
34205,1279,Supporting
34280,1279,Supporting
10218,1279,Supporting
20197,518,Main
229374,518,Supporting
229337,518,Supporting
229338,518,Supporting
229334,518,Supporting
229339,518,Supporting
229333,518,Supporting
229331,518,Supporting
229332,518,Supporting
229340,518,Supporting
14487,2835,Main
14488,2835,Main
14486,2835,Main
95285,2835,Supporting
191293,2835,Supporting
95557,2835,Supporting
95289,2835,Supporting
95503,2835,Supporting
116251,2835,Supporting
95625,2835,Supporting
50343,3136,Main
58285,3136,Main
58283,3136,Supporting
58291,3136,Supporting
58293,3136,Supporting
58287,3136,Supporting
73957,4853,Main
73871,4853,Main
38872,4853,Main
78607,3609,Main
78605,3609,Supporting
78611,3609,Supporting
78629,3609,Supporting
78891,3609,Supporting
78893,3609,Supporting
78733,3609,Supporting
78729,3609,Supporting
78691,3609,Supporting
78699,3609,Supporting
87447,3880,Main
87449,3880,Main
87451,3880,Main
87445,3880,Main
87443,3880,Main
87441,3880,Main
158247,3880,Supporting
234653,3880,Supporting
161806,3880,Supporting
120485,3969,Main
120483,3969,Main
120481,3969,Main
120479,3969,Main
120477,3969,Main
120475,3969,Supporting
15308,3075,Main
17584,3075,Main
17583,3075,Main
124316,3075,Supporting
33036,3159,Main
33037,3159,Main
63487,3159,Supporting
232188,3159,Supporting
232187,3159,Supporting
232185,3159,Supporting
232189,3159,Supporting
232186,3159,Supporting
232192,3159,Supporting
232195,3159,Supporting
95459,4242,Main
95457,4242,Main
95455,4242,Main
95461,4242,Main
95453,4242,Main
95563,4242,Supporting
95561,4242,Supporting
95559,4242,Supporting
79887,6730,Supporting
3275,1088,Main
5295,1088,Main
5301,1088,Main
5826,1088,Supporting
5299,1088,Supporting
5300,1088,Supporting
24667,1088,Supporting
28292,1088,Supporting
24651,1088,Supporting
26141,1088,Supporting
9916,2451,Main
17855,2451,Main
23297,2451,Supporting
111307,2451,Supporting
110597,2451,Supporting
110131,2451,Supporting
110553,2451,Supporting
110077,2451,Supporting
111349,2451,Supporting
110971,2451,Supporting
35347,3125,Main
41420,3125,Main
41413,3125,Main
25444,3125,Main
41421,3125,Main
98495,3125,Supporting
98497,3125,Supporting
52017,3125,Supporting
98501,3125,Supporting
98499,3125,Supporting
2888,2203,Main
7951,2203,Main
77045,2203,Main
7952,2203,Supporting
24156,2203,Supporting
85999,2203,Supporting
140949,2203,Supporting
35730,2203,Supporting
140959,2203,Supporting
140960,2203,Supporting
12540,8373,Main
20192,8373,Main
16411,8373,Main
247836,8373,Supporting
247917,8373,Supporting
247935,8373,Supporting
247835,8373,Supporting
247829,8373,Supporting
222011,8373,Supporting
222012,8373,Supporting
100807,3806,Main
100803,3806,Main
215507,3806,Supporting
215518,3806,Supporting
215517,3806,Supporting
215526,3806,Supporting
236465,3806,Supporting
236681,3806,Supporting
215516,3806,Supporting
236087,3806,Supporting
169367,8285,Main
42519,7956,Main
184213,7956,Supporting
96303,21491,Main
96305,21491,Supporting
96301,21491,Supporting
19014,929,Main
19048,929,Main
19049,929,Main
19053,929,Supporting
19055,929,Supporting
35965,929,Supporting
19051,929,Supporting
19050,929,Supporting
238159,929,Supporting
238123,929,Supporting
39166,2546,Main
39170,2546,Main
39168,2546,Main
217179,2546,Supporting
217176,2546,Supporting
217134,2546,Supporting
217180,2546,Supporting
217181,2546,Supporting
217184,2546,Supporting
217183,2546,Supporting
46003,2933,Main
46005,2933,Main
46007,2933,Main
127802,2933,Supporting
243468,2933,Supporting
243469,2933,Supporting
243484,2933,Supporting
243438,2933,Supporting
243470,2933,Supporting
243431,2933,Supporting
154614,6452,Main
154620,6452,Main
154621,6452,Main
154613,6452,Main
154609,6452,Main
148577,6452,Main
154625,6452,Supporting
154624,6452,Supporting
154623,6452,Supporting
154626,6452,Supporting
135295,9905,Main
135300,9905,Main
135297,9905,Main
157641,9905,Supporting
157640,9905,Supporting
157639,9905,Supporting
157637,9905,Supporting
8081,2582,Main
21821,2582,Main
21823,2582,Supporting
21825,2582,Supporting
21824,2582,Supporting
21822,2582,Supporting
21833,2582,Supporting
21830,2582,Supporting
8082,2582,Supporting
21835,2582,Supporting
3364,3272,Main
25087,3272,Main
41780,3272,Supporting
29743,3272,Supporting
8079,3272,Supporting
25096,3272,Supporting
25095,3272,Supporting
25071,3272,Supporting
33757,3272,Supporting
7151,3272,Supporting
27668,3332,Main
28456,3332,Main
28473,3332,Main
28472,3332,Main
28471,3332,Main
28455,3332,Main
32465,3332,Supporting
178774,3332,Supporting
178772,3332,Supporting
178773,3332,Supporting
11754,2542,Main
14969,2542,Main
14971,2542,Main
14970,2542,Main
228253,2542,Supporting
228252,2542,Supporting
228251,2542,Supporting
228250,2542,Supporting
228254,2542,Supporting
228256,2542,Supporting
10226,2221,Main
22101,2221,Main
22130,2221,Main
24275,2221,Supporting
29832,2221,Supporting
126276,2221,Supporting
126274,2221,Supporting
32802,2221,Supporting
25230,2221,Supporting
14710,2231,Main
14713,2231,Main
14709,2231,Main
219801,2231,Supporting
219800,2231,Supporting
219799,2231,Supporting
219802,2231,Supporting
219803,2231,Supporting
219805,2231,Supporting
219804,2231,Supporting
89491,11595,Main
123395,11595,Main
221923,11595,Main
123399,11595,Main
123393,11595,Main
123391,11595,Main
123397,11595,Supporting
95329,3619,Main
96735,3619,Main
95331,3619,Main
50343,3619,Supporting
58285,3619,Supporting
219713,3619,Supporting
219712,3619,Supporting
219709,3619,Supporting
219714,3619,Supporting
219711,3619,Supporting
36860,2612,Main
37666,2612,Main
37665,2612,Main
215534,2612,Supporting
142243,2612,Supporting
154379,5891,Main
150759,5891,Main
150758,5891,Main
154377,5891,Supporting
154376,5891,Supporting
154375,5891,Supporting
154374,5891,Supporting
154378,5891,Supporting
154380,5891,Supporting
154383,5891,Supporting
90315,4244,Main
90311,4244,Main
90317,4244,Main
90313,4244,Main
90325,4244,Supporting
90323,4244,Supporting
90321,4244,Supporting
90319,4244,Supporting
90309,4244,Supporting
8596,5344,Supporting
18313,3936,Main
18314,3936,Main
18315,3936,Main
90101,3436,Main
6190,2043,Main
10057,2043,Main
10097,2043,Main
10096,2043,Main
31322,2043,Supporting
113143,2043,Supporting
113621,2043,Supporting
113141,2043,Supporting
113623,2043,Supporting
122143,2043,Supporting
12919,2044,Main
122597,2044,Main
122595,2044,Main
84277,2044,Main
38802,2044,Supporting
131016,2044,Supporting
19647,2044,Supporting
84279,2044,Supporting
233789,2044,Supporting
233790,2044,Supporting
37897,2089,Main
19159,2089,Main
37933,2089,Supporting
19160,2089,Supporting
38158,2089,Supporting
37898,2089,Supporting
37894,2089,Supporting
37930,2089,Supporting
38299,2089,Supporting
38159,2089,Supporting
15247,1873,Main
35266,1873,Main
67569,1873,Supporting
128500,1873,Supporting
128501,1873,Supporting
128502,1873,Supporting
128499,1873,Supporting
128497,1873,Supporting
128495,1873,Supporting
128496,1873,Supporting
118925,6428,Main
118933,6428,Supporting
118957,6428,Supporting
118955,6428,Supporting
118953,6428,Supporting
118961,6428,Supporting
118965,6428,Supporting
127788,6428,Supporting
118967,6428,Supporting
118951,6428,Supporting
54993,3201,Main
189767,3201,Main
189766,3201,Main
227234,3201,Supporting
227233,3201,Supporting
227235,3201,Supporting
227236,3201,Supporting
227498,3201,Supporting
227237,3201,Supporting
227232,3201,Supporting
5620,2116,Main
15027,2116,Main
6780,2116,Main
5906,2116,Main
46468,2116,Main
124900,2116,Main
6781,2116,Supporting
6782,2116,Supporting
6688,2116,Supporting
19262,2116,Supporting
4928,2762,Main
4933,2762,Main
4931,2762,Main
4929,2762,Supporting
48703,2762,Supporting
48699,2762,Supporting
48701,2762,Supporting
4932,2762,Supporting
228463,2762,Supporting
228465,2762,Supporting
8843,3670,Main
7775,3670,Main
33852,3670,Main
38976,3670,Main
40383,3670,Main
40384,3670,Main
40556,3670,Supporting
40555,3670,Supporting
40615,3670,Supporting
40614,3670,Supporting
52465,2987,Main
52447,2987,Main
52455,2987,Main
52445,2987,Main
52459,2987,Main
52457,2987,Main
52453,2987,Main
52467,2987,Main
52469,2987,Main
52449,2987,Main
182838,2572,Main
182837,2572,Main
182841,2572,Supporting
169133,2572,Supporting
182860,2572,Supporting
182844,2572,Supporting
182851,2572,Supporting
182863,2572,Supporting
182839,2572,Supporting
182859,2572,Supporting
118439,5143,Main
118143,5143,Main
118141,5143,Main
118365,5143,Supporting
12580,2578,Main
12581,2578,Main
15492,2598,Main
15493,2598,Main
15496,2598,Main
36031,2598,Supporting
15494,2598,Supporting
25062,2598,Supporting
72941,2598,Supporting
72947,2598,Supporting
15495,2598,Supporting
71607,2598,Supporting
144389,2579,Main
144396,2579,Main
144399,2579,Main
144391,2579,Main
144393,2579,Supporting
144392,2579,Supporting
144400,2579,Supporting
144401,2579,Supporting
144395,2579,Supporting
144394,2579,Supporting
18272,3162,Main
66651,3162,Supporting
79873,3162,Supporting
218052,3162,Supporting
218028,3162,Supporting
218069,3162,Supporting
218107,3162,Supporting
218021,3162,Supporting
218079,3162,Supporting
218016,3162,Supporting
100867,3021,Main
87657,3021,Main
19916,3021,Main
100869,3021,Supporting
207599,3021,Supporting
100871,3021,Supporting
144364,3021,Supporting
144365,3021,Supporting
160473,3021,Supporting
160474,3021,Supporting
30445,6636,Main
30446,6636,Main
155145,6636,Supporting
155144,6636,Supporting
155143,6636,Supporting
155146,6636,Supporting
155147,6636,Supporting
181807,6636,Supporting
155148,6636,Supporting
155142,6636,Supporting
71695,8799,Main
113725,5600,Main
120471,5600,Supporting
120469,5600,Supporting
120467,5600,Supporting
120465,5600,Supporting
120463,5600,Supporting
1044,1426,Main
1045,1426,Main
1047,1426,Main
1046,1426,Main
1048,1426,Supporting
144874,1426,Supporting
144635,1426,Supporting
144904,1426,Supporting
144859,1426,Supporting
6176,506,Main
7850,506,Main
7848,506,Main
7851,506,Supporting
17585,506,Supporting
28552,506,Supporting
85071,506,Supporting
28960,506,Supporting
85107,506,Supporting
85091,506,Supporting
7902,4503,Main
36705,4503,Main
36510,4503,Main
36511,4503,Main
36702,4503,Supporting
38313,4503,Supporting
38315,4503,Supporting
36707,4503,Supporting
36704,4503,Supporting
36703,4503,Supporting
19778,3081,Main
135188,3081,Supporting
135805,3081,Supporting
135806,3081,Supporting
135807,3081,Supporting
135804,3081,Supporting
151785,3081,Supporting
135802,3081,Supporting
115591,3081,Supporting
135800,3081,Supporting
74117,3327,Main
74107,3327,Main
74103,3327,Main
74111,3327,Main
74121,3327,Supporting
74125,3327,Supporting
166440,3327,Supporting
166452,3327,Supporting
166453,3327,Supporting
151012,3327,Supporting
16792,3754,Main
93761,3754,Main
93759,3754,Main
16793,3754,Supporting
120851,3754,Supporting
93757,3754,Supporting
120849,3754,Supporting
130869,5250,Main
130866,5250,Main
130862,5250,Main
130867,5250,Supporting
130868,5250,Supporting
130863,5250,Supporting
130861,5250,Supporting
130859,5250,Supporting
130860,5250,Supporting
130858,5250,Supporting
125538,6672,Main
125541,6672,Supporting
125542,6672,Supporting
125543,6672,Supporting
125544,6672,Supporting
125540,6672,Supporting
125539,6672,Supporting
125534,6672,Supporting
125535,6672,Supporting
125536,6672,Supporting
158724,3020,Main
158725,3020,Main
158726,3020,Supporting
158903,3020,Supporting
158904,3020,Supporting
158905,3020,Supporting
158902,3020,Supporting
158901,3020,Supporting
158898,3020,Supporting
158899,3020,Supporting
27746,3723,Main
153227,16303,Main
150374,16303,Main
173645,16303,Supporting
168679,16303,Supporting
153860,16303,Supporting
7338,16303,Supporting
128677,16526,Main
99053,16526,Supporting
128691,16526,Supporting
128692,16526,Supporting
128697,16526,Supporting
128690,16526,Supporting
128684,16526,Supporting
128679,16526,Supporting
128680,16526,Supporting
128682,16526,Supporting
59019,10136,Main
42181,2039,Main
88285,2039,Main
8543,2039,Main
88287,2039,Supporting
88359,2039,Supporting
88363,2039,Supporting
228788,2039,Supporting
228785,2039,Supporting
228804,2039,Supporting
228806,2039,Supporting
2511,967,Main
8738,967,Supporting
5661,967,Supporting
9130,967,Supporting
17796,967,Supporting
6198,967,Supporting
16553,967,Supporting
16419,967,Supporting
16085,967,Supporting
17907,967,Supporting
15341,1972,Main
132847,1972,Main
17722,1972,Main
23684,1972,Supporting
155989,1972,Supporting
157779,1972,Supporting
160023,1972,Supporting
155993,1972,Supporting
155992,1972,Supporting
155990,1972,Supporting
4008,2361,Main
4010,2361,Main
4007,2361,Main
4009,2361,Main
4011,2361,Supporting
54925,2361,Supporting
164063,2361,Supporting
163704,2361,Supporting
164058,2361,Supporting
163640,2361,Supporting
83623,5153,Main
42972,5153,Main
83779,5153,Main
83747,5153,Main
43165,5153,Main
42930,5153,Supporting
155870,5153,Supporting
155869,5153,Supporting
155868,5153,Supporting
155871,5153,Supporting
125810,7160,Main
125817,7160,Supporting
125828,7160,Supporting
125823,7160,Supporting
125822,7160,Supporting
125824,7160,Supporting
125825,7160,Supporting
125827,7160,Supporting
125826,7160,Supporting
125821,7160,Supporting
22850,2769,Main
22848,2769,Supporting
19910,3808,Main
19909,3808,Main
19908,3808,Main
112925,3808,Supporting
121125,3808,Supporting
120989,3808,Supporting
123907,3808,Supporting
121149,3808,Supporting
73283,3808,Supporting
72881,3808,Supporting
107169,8853,Main
107167,8853,Main
107165,8853,Main
225704,8853,Supporting
225703,8853,Supporting
225702,8853,Supporting
225705,8853,Supporting
225706,8853,Supporting
225708,8853,Supporting
225707,8853,Supporting
90353,2226,Main
90355,2226,Supporting
90363,2226,Supporting
90361,2226,Supporting
90357,2226,Supporting
90351,2226,Supporting
90359,2226,Supporting
90089,20077,Main
10054,2547,Main
10089,2547,Supporting
10090,2547,Supporting
111219,2547,Supporting
10093,2547,Supporting
10092,2547,Supporting
10091,2547,Supporting
220166,2547,Supporting
220298,2547,Supporting
220305,2547,Supporting
1336,85,Main
1341,85,Main
1335,85,Supporting
1421,85,Supporting
1337,85,Supporting
1340,85,Supporting
1338,85,Supporting
40465,85,Supporting
9497,85,Supporting
10753,85,Supporting
7207,1065,Main
11214,1065,Main
11216,1065,Main
14239,1065,Supporting
14125,1065,Supporting
49359,1065,Supporting
23275,1065,Supporting
14232,1065,Supporting
104553,1065,Supporting
3914,1065,Supporting
8078,2255,Main
9092,2255,Main
9094,2255,Main
9093,2255,Main
8912,2255,Supporting
42819,2255,Supporting
124240,2255,Supporting
98353,3807,Main
98357,3807,Main
220897,3807,Supporting
220901,3807,Supporting
236409,3807,Supporting
236441,3807,Supporting
236322,3807,Supporting
236095,3807,Supporting
236077,3807,Supporting
236453,3807,Supporting
10050,4062,Main
118597,4062,Supporting
122247,4062,Supporting
119651,4062,Supporting
119559,4062,Supporting
119653,4062,Supporting
119657,4062,Supporting
119691,4062,Supporting
119655,4062,Supporting
119473,4062,Supporting
27747,3022,Main
150923,3022,Main
27748,3022,Main
25685,3022,Supporting
36063,3022,Supporting
186910,3022,Supporting
72225,3022,Supporting
119909,3022,Supporting
150233,3434,Main
211608,3434,Main
211610,3434,Supporting
211609,3434,Supporting
123933,2805,Main
89359,7981,Main
89513,7981,Supporting
89509,7981,Supporting
89507,7981,Supporting
75802,16650,Main
14863,16650,Supporting
174894,16650,Supporting
183121,16650,Supporting
189033,16650,Supporting
190883,16650,Supporting
159659,16650,Supporting
40727,16650,Supporting
129081,16650,Supporting
133833,16650,Supporting
15652,424,Main
15655,424,Main
141266,424,Supporting
210454,424,Supporting
143900,424,Supporting
16067,424,Supporting
144467,424,Supporting
144466,424,Supporting
144468,424,Supporting
144470,424,Supporting
13412,2038,Main
136506,2038,Supporting
229132,2038,Supporting
229130,2038,Supporting
229128,2038,Supporting
229099,2038,Supporting
229127,2038,Supporting
229133,2038,Supporting
229134,2038,Supporting
229172,2038,Supporting
180293,17599,Supporting
9138,3079,Main
38206,3079,Main
132085,3079,Supporting
135164,3079,Supporting
135165,3079,Supporting
135163,3079,Supporting
135162,3079,Supporting
135159,3079,Supporting
135160,3079,Supporting
135161,3079,Supporting
19005,3059,Main
32468,3059,Main
84057,3059,Main
79105,3059,Main
84059,3059,Supporting
85269,3059,Supporting
85263,3059,Supporting
85267,3059,Supporting
84073,3059,Supporting
85265,3059,Supporting
10284,714,Main
15706,714,Main
177031,714,Main
131740,714,Main
177034,714,Main
177032,714,Main
177033,714,Main
232013,714,Supporting
44973,714,Supporting
232055,714,Supporting
7812,7307,Main
7813,7307,Main
250404,7307,Main
7814,7307,Supporting
8609,7307,Supporting
31076,7307,Supporting
167185,7307,Supporting
28146,7307,Supporting
28151,7307,Supporting
177203,7307,Supporting
234628,17211,Main
131635,3812,Main
136994,3812,Main
136993,3812,Main
136997,3812,Supporting
136998,3812,Supporting
136999,3812,Supporting
136996,3812,Supporting
136995,3812,Supporting
136990,3812,Supporting
136991,3812,Supporting
246,223,Main
678,223,Main
6167,223,Main
2159,223,Main
4014,223,Main
914,223,Supporting
5499,223,Supporting
3182,223,Supporting
6106,223,Supporting
2105,223,Supporting
9488,2554,Main
41138,2554,Main
39129,2554,Main
42377,2554,Supporting
40949,2554,Supporting
43381,2554,Supporting
47889,2554,Supporting
47887,2554,Supporting
47337,2554,Supporting
44923,2554,Supporting
19924,2223,Main
168584,2223,Main
32651,2223,Main
168563,2223,Main
170475,2223,Supporting
170474,2223,Supporting
168586,2223,Supporting
121365,3317,Main
121371,3317,Main
121369,3317,Main
121373,3317,Main
121367,3317,Main
121397,3317,Supporting
121395,3317,Supporting
121399,3317,Supporting
121401,3317,Supporting
121405,3317,Supporting
76858,5223,Main
4745,1453,Main
4746,1453,Main
4753,1453,Main
4754,1453,Main
4751,1453,Main
50489,1453,Main
4752,1453,Supporting
28930,1453,Supporting
38551,1453,Supporting
4756,1453,Supporting
1421,86,Main
7904,86,Main
14316,86,Main
14318,86,Main
14321,86,Main
61927,86,Main
1341,86,Supporting
1337,86,Supporting
1340,86,Supporting
1338,86,Supporting
3187,589,Main
9079,589,Main
9212,589,Main
9081,589,Main
9833,589,Supporting
9077,589,Supporting
9828,589,Supporting
9838,589,Supporting
9841,589,Supporting
9829,589,Supporting
100923,2224,Main
100927,2224,Main
100925,2224,Main
246248,2224,Supporting
246247,2224,Supporting
246251,2224,Supporting
247299,2224,Supporting
247990,2224,Supporting
247300,2224,Supporting
246246,2224,Supporting
23755,3660,Main
218524,3660,Supporting
218525,3660,Supporting
218526,3660,Supporting
218631,3660,Supporting
218523,3660,Supporting
218522,3660,Supporting
218518,3660,Supporting
218519,3660,Supporting
218520,3660,Supporting
219201,4723,Main
219205,4723,Main
219206,4723,Main
219219,4723,Main
219200,4723,Main
219193,4723,Main
219178,4723,Main
219184,4723,Main
219185,4723,Main
219224,4723,Main
145684,4083,Main
145685,4083,Supporting
145693,4083,Supporting
145690,4083,Supporting
145689,4083,Supporting
145691,4083,Supporting
145692,4083,Supporting
145688,4083,Supporting
145686,4083,Supporting
145681,4083,Supporting
125235,10137,Supporting
125244,10137,Supporting
125238,10137,Supporting
125232,10137,Supporting
125243,10137,Supporting
125241,10137,Supporting
125245,10137,Supporting
125246,10137,Supporting
125240,10137,Supporting
125239,10137,Supporting
125014,30129,Main
15436,3676,Main
76322,3676,Main
220896,3676,Supporting
220854,3676,Supporting
220848,3676,Supporting
220950,3676,Supporting
221019,3676,Supporting
221144,3676,Supporting
221129,3676,Supporting
221124,3676,Supporting
5923,1254,Main
5922,1254,Main
2285,1254,Main
2440,1254,Main
5921,1254,Main
5628,1254,Main
9240,1254,Supporting
5912,1254,Supporting
5730,1254,Supporting
8838,1254,Supporting
23339,3053,Main
27967,3053,Main
27968,3053,Main
120877,3053,Main
27969,3053,Supporting
170993,3053,Supporting
142244,3053,Supporting
170992,3053,Supporting
29457,2826,Main
29456,2826,Main
156140,2826,Main
156139,2826,Main
156165,2826,Supporting
156172,2826,Supporting
156173,2826,Supporting
156171,2826,Supporting
156167,2826,Supporting
156166,2826,Supporting
10375,3460,Main
218474,3460,Main
214409,3460,Main
218473,3460,Main
17748,3460,Supporting
10619,3460,Supporting
221577,3460,Supporting
221578,3460,Supporting
221579,3460,Supporting
221576,3460,Supporting
121329,6093,Main
228555,6093,Supporting
228556,6093,Supporting
228554,6093,Supporting
228553,6093,Supporting
228552,6093,Supporting
228557,6093,Supporting
228558,6093,Supporting
228562,6093,Supporting
228563,6093,Supporting
90893,7575,Main
90891,7575,Main
146933,7575,Main
90929,7575,Main
90925,7575,Main
90889,7575,Main
90927,7575,Main
90895,7575,Supporting
33775,7575,Supporting
98527,10210,Main
98529,10210,Main
207158,10210,Main
134487,10210,Supporting
134483,10210,Supporting
134481,10210,Supporting
134485,10210,Supporting
134480,10210,Supporting
122889,6771,Main
122887,6771,Main
222164,6771,Supporting
122885,6771,Supporting
122883,6771,Supporting
122881,6771,Supporting
147151,20083,Main
90093,20083,Main
147181,20083,Supporting
147183,20083,Supporting
147180,20083,Supporting
147179,20083,Supporting
147177,20083,Supporting
147178,20083,Supporting
147185,20083,Supporting
147186,20083,Supporting
22396,2548,Main
22398,2548,Main
22400,2548,Main
22397,2548,Main
88963,2548,Supporting
224487,2548,Supporting
145961,2548,Supporting
224424,2548,Supporting
224425,2548,Supporting
224426,2548,Supporting
27996,865,Main
27995,865,Main
3720,865,Main
27997,865,Supporting
28428,865,Supporting
28001,865,Supporting
28427,865,Supporting
28000,865,Supporting
27998,865,Supporting
27999,865,Supporting
19924,5203,Main
171457,5203,Main
171484,5203,Main
171483,5203,Main
171474,5203,Supporting
171475,5203,Supporting
171473,5203,Supporting
171472,5203,Supporting
171471,5203,Supporting
171476,5203,Supporting
2065,1470,Main
2066,1470,Main
2069,1470,Supporting
2068,1470,Supporting
2067,1470,Supporting
60303,1470,Supporting
10013,1470,Supporting
60473,1470,Supporting
60485,1470,Supporting
60981,1470,Supporting
2756,1087,Main
9014,1087,Main
12938,1087,Main
55555,1087,Supporting
12939,1087,Supporting
11076,1087,Supporting
57633,1087,Supporting
57635,1087,Supporting
57631,1087,Supporting
55547,1087,Supporting
2511,1356,Main
8738,1356,Supporting
17907,1356,Supporting
17982,1356,Supporting
26895,1356,Supporting
17906,1356,Supporting
13950,1356,Supporting
13953,1356,Supporting
17798,1356,Supporting
13951,1356,Supporting
28585,2688,Main
41736,2688,Main
28632,2688,Main
28584,2688,Main
28633,2688,Supporting
223647,2688,Supporting
223649,2688,Supporting
223646,2688,Supporting
223641,2688,Supporting
223640,2688,Supporting
59109,729,Main
13910,729,Main
59111,729,Supporting
59103,729,Supporting
216157,729,Supporting
216156,729,Supporting
216159,729,Supporting
216154,729,Supporting
216068,729,Supporting
215816,729,Supporting
28129,3023,Main
113005,3023,Main
224181,3023,Supporting
224070,3023,Supporting
224068,3023,Supporting
224066,3023,Supporting
224073,3023,Supporting
224095,3023,Supporting
224100,3023,Supporting
224098,3023,Supporting
142217,10250,Main
231958,10250,Supporting
231957,10250,Supporting
231959,10250,Supporting
231960,10250,Supporting
231962,10250,Supporting
231961,10250,Supporting
231956,10250,Supporting
231955,10250,Supporting
231951,10250,Supporting
171893,2815,Main
171897,2815,Supporting
171896,2815,Supporting
171895,2815,Supporting
171894,2815,Supporting
90235,20117,Main
90241,20117,Main
90239,20117,Main
90237,20117,Main
90233,20117,Main
2409,925,Main
8501,925,Main
15640,925,Main
182185,925,Main
182184,925,Main
4239,925,Supporting
89287,925,Supporting
9526,925,Supporting
9520,925,Supporting
32812,925,Supporting
215641,16131,Main
215656,16131,Main
215637,16131,Main
215636,16131,Main
215635,16131,Main
215633,16131,Main
224567,16131,Supporting
224566,16131,Supporting
224565,16131,Supporting
224524,16131,Supporting
13096,2227,Main
13099,2227,Main
13097,2227,Main
13098,2227,Main
25512,2227,Main
25509,2227,Supporting
25511,2227,Supporting
231175,2227,Supporting
231174,2227,Supporting
231173,2227,Supporting
14852,2333,Main
14849,2333,Main
14851,2333,Main
14861,2333,Main
14854,2333,Main
14850,2333,Main
176150,2333,Supporting
77817,2333,Supporting
14856,2333,Supporting
14859,2333,Supporting
88915,4060,Main
239436,4060,Main
239447,4060,Main
239417,4060,Main
239411,4060,Main
239459,4060,Main
239471,4060,Main
239493,4060,Main
239484,4060,Main
239482,4060,Main
16139,3437,Main
16138,3437,Main
16137,3437,Supporting
16141,3437,Supporting
246888,3437,Supporting
33774,3437,Supporting
16142,3437,Supporting
16140,3437,Supporting
33976,3205,Main
252683,3205,Main
252682,3205,Main
15180,4024,Main
7312,4024,Main
18170,4024,Main
18171,4024,Main
200002,4024,Main
47293,4024,Main
18159,4024,Supporting
171557,4024,Supporting
200003,4024,Supporting
